{
  "project_info": {
    "project_number": "1027600278139",
    "project_id": "chatbot-31e3e",
    "storage_bucket": "chatbot-31e3e.appspot.com"
  },
  "client": [
    {
      "client_info": {
        "mobilesdk_app_id": "1:1027600278139:android:c6eec65105d6ec785278de",
        "android_client_info": {
          "package_name": "com.example.chatbot"
        }
      },
      "oauth_client": [],
      "api_key": [
        {
          "current_key": "AIzaSyCZRnlfepFAZDHAY8B8kYeQVamL1u031vo"
        }
      ],
      "services": {
        "appinvite_service": {
          "other_platform_oauth_client": []
        }
      }
    }
  ],
  "configuration_version": "1"
}